Comment,Designator,Footprint,LCSC Part #
"10u Unpolarized capacitor,""C1,C16"",C_0805_2012Metric,C15850"
"0.1u 50 V Unpolarized capacitor,""C2,C5,C11,C13"",C_0402_1005Metric,C307331"
"4.7u 16 V Unpolarized capacitor,""C3,C6,C17,C18"",C_0603_1608Metric,C19666"
"1u 50 V Unpolarized capacitor,""C7,C8,C9,C10,C14,C15,C19,C20"",C_0603_1608Metric,C15849 "
"5.8 Zener diode,""D1,D2"",D_SOD-323,C2891792"
"3.3k Resistor,""R2,R9"",R_0402_1005Metric,C25890"
"2 Resistor,""R3,R11"",R_0603_1608Metric,C22977"
"2.2k Resistor,""R4,R13"",R_0402_1005Metric,C25879"
"10 Resistor,""R5,R10"",R_0603_1608Metric,C22859"
"1k Resistor,""R6,R14"",R_0603_1608Metric,C21190"
"10k Resistor,""R7,R12"",R_0402_1005Metric,C25744"
